fighter_id;fighter_alternate_id;category;draws;imgUrl;losses;name;nickname;wins;status;placeOfBirth;trainsAt;fightingStyle;age;height;weight;octagonDebut;reach;legReach
0;islam-makhachev;Lightweight Division;0;https://ufc.com/images/styles/athlete_bio_full_body/s3/2025-01/7/MAKHACHEV_ISLAM_L_BELT_01-18.png?itok=VptniX86;1;Islam Makhachev;;27;Active;Dagestan Republic, Russia;AKA (American Kickboxing Academy) San Jose;Sambo;33;70.00;154.50;May. 23, 2015;70.50;40.50
1;jon-jones;Heavyweight Division;0;https://ufc.com/images/styles/athlete_bio_full_body/s3/2025-01/5/JONES_JON_L_BELT_11-16.png?itok=CUPv7ubQ;1;Jon Jones;Bones;28;Active;Rochester, United States;Team Jones;;37;76.00;237.60;Aug. 9, 2008;84.50;45.00
2;ilia-topuria;Featherweight Division;0;https://ufc.com/images/styles/athlete_bio_full_body/s3/2025-01/5/TOPURIA_ILIA_L_BELT_10-26.png?itok=4a1uyWfc;0;Ilia Topuria;El  Matador;16;Active;Germany;;Brazilian Jiu-Jitsu;28;67.00;145.00;Oct. 10, 2020;69.00;37.00
3;merab-dvalishvili;Bantamweight Division;0;https://ufc.com/images/styles/athlete_bio_full_body/s3/2025-01/7/DVALISHVILI_MERAB_L_BELT_01-18.png?itok=6d15Ml6s;4;Merab Dvalishvili;The Machine;19;Active;Tbilisi, Georgia;Team Serra/Longo;Freestyle;34;66.00;134.00;Dec. 9, 2017;68.00;38.00
4;dricus-du-plessis;Middleweight Division;0;https://ufc.com/images/styles/athlete_bio_full_body/s3/2025-02/DU_PLESSIS_DRICUS_L_BELT_02-08.png?itok=MZTU4b4p;2;Dricus Du Plessis;Stillknocks;23;Active;Welkom, South Africa;CIT MMA;MMA;31;73.00;185.00;Oct. 10, 2020;76.00;43.00
5;magomed-ankalaev;Light Heavyweight Division;1;https://ufc.com/images/styles/athlete_bio_full_body/s3/2025-03/ANKALAEV_MAGOMED_L_BELTMOCK.png?itok=oIT65vEA;1;Magomed Ankalaev;;21;Active;Russia;;MMA;32;75.00;205.00;Mar. 17, 2018;75.00;46.00
6;belal-muhammad;Welterweight Division;0;https://ufc.com/images/styles/athlete_bio_full_body/s3/2025-01/5/MUHAMMAD_BELAL_L_BELTMOCK.png?itok=KkpJDuuw;3;Belal Muhammad;Remember The Name;24;Active;Chicago, United States;Roufusport, (Mikwaukee, WI) & Chicago Fight Team (Chicago, IL);;36;71.00;169.00;Jul. 7, 2016;72.00;40.00
7;alex-pereira;Light Heavyweight Division;0;https://ufc.com/images/styles/athlete_bio_full_body/s3/2025-03/PEREIRA_ALEX_L.png?itok=3PF6Prac;3;Alex Pereira;Poatan;12;Active;Sao Bernardo do Campo, Brazil;Teixeira MMA & Fitness-Bethel, CT;Kickboxer;37;76.00;205.00;Nov. 6, 2021;79.00;44.00
8;alexandre-pantoja;Flyweight Division;0;https://ufc.com/images/styles/athlete_bio_full_body/s3/2025-01/5/PANTOJA_ALEXANDRE_L_BELT_12-07.png?itok=NqCK2FLq;5;Alexandre Pantoja;The Cannibal;29;Active;Brazil;American Top Team;MMA;34;65.00;124.50;Jan. 29, 2017;67.00;36.50
9;tom-aspinall;Heavyweight Division;0;https://ufc.com/images/styles/athlete_bio_full_body/s3/2025-01/5/ASPINALL_TOM_BELT_L_07-27.png?itok=mpDy18w4;3;Tom Aspinall;;15;Active;Salford, England;Team Kaobon;Freestyle;31;77.00;255.00;Mar. 21, 2020;78.00;44.00
10;alexander-volkanovski;Featherweight Division;0;https://ufc.com/images/styles/athlete_bio_full_body/s3/2025-01/5/VOLKANOVSKI_ALEXANDER_L_02-17.png?itok=n9TnCDKb;4;Alexander Volkanovski;The Great;26;Active;Wollongong, Australia;Freestyle Fighting Gym;;36;66.00;144.50;Oct. 15, 2016;71.50;36.00
11;leon-edwards;Welterweight Division;0;https://ufc.com/images/styles/athlete_bio_full_body/s3/2025-01/5/EDWARDS_LEON_L_08-20.png?itok=kVEURjwd;4;Leon Edwards;Rocky;22;Active;Kingston, Jamaica;UTC Ultimate Training Centre Birmingham;MMA;33;72.00;185.20;Nov. 9, 2014;74.00;43.00
12;max-holloway;Featherweight Division;0;https://ufc.com/images/styles/athlete_bio_full_body/s3/2024-04/HOLLOWAY_MAX_L_04-13.png?itok=U9IB8OUQ;8;Max Holloway;Blessed;26;Active;Oahu, United States;Gracie Technics;Muay Thai;32;71.00;145.00;Feb. 4, 2012;69.00;42.00
13;sean-omalley;Bantamweight Division;0;https://ufc.com/images/styles/athlete_bio_full_body/s3/2025-01/5/OMALLEY_SEAN_L_08-19.png?itok=PZizstP4;2;Sean O'Malley;Suga;18;Active;Helena, United States;MMA LAB - Glendale, AZ;;30;71.00;135.00;Jul. 18, 2017;72.00;40.00
14;charles-oliveira;Lightweight Division;0;https://ufc.com/images/styles/athlete_bio_full_body/s3/2025-01/5/OLIVEIRA_CHARLES_L_11-16.png?itok=ReesBWpC;10;Charles Oliveira;Do Bronxs;35;Active;State of Sao Paulo, Brazil;Bronx's Gold Team;Jiu-Jitsu;35;70.00;155.60;Aug. 1, 2010;74.00;41.00
15;brandon-royval;Flyweight Division;0;https://ufc.com/images/styles/athlete_bio_full_body/s3/2025-01/5/ROYVAL_BRANDON_L_10-12.png?itok=FFq8GMSE;7;Brandon Royval;Raw Dawg;17;Active;Denver, United States;Mile High Militia;Brawler;32;69.00;125.50;May. 30, 2020;68.00;38.50
16;brandon-moreno;Flyweight Division;2;https://ufc.com/images/styles/athlete_bio_full_body/s3/2022-07/MORENO_BRANDON_L_06-12.png?itok=-Gi9L7O0;8;Brandon Moreno;The Assassin Baby;22;Active;Tijuana, Mexico;Team Moreno;Jiu-Jitsu;30;67.00;135.00;Oct. 2, 2016;70.00;38.00
17;amir-albazi;Flyweight Division;0;https://ufc.com/images/styles/athlete_bio_full_body/s3/2025-01/5/ALBAZI_AMIR_L_06-03.png?itok=lINX3P39;2;Amir Albazi;The Prince;17;Active;Baghdad, Iraq;Fight Ready - Scottsdale, AZ;Jiu-Jitsu;31;65.00;125.50;Jul. 18, 2020;68.00;38.00
18;kai-kara-france;Flyweight Division;0;https://ufc.com/images/styles/athlete_bio_full_body/s3/2025-01/5/KARA-FRANCE_KAI_L_08-17.png?itok=fuxhY3Uc;11;Kai Kara-France;Don't Blink;25;Active;Auckland, New Zealand;City Kickboxing;Kickboxer;31;64.00;125.00;Dec. 2, 2018;69.00;37.00
19;tatsuro-taira;Flyweight Division;0;https://ufc.com/images/styles/athlete_bio_full_body/s3/2025-01/5/TAIRA_TATSURO_L_12-09.png?itok=J7CAHwZY;1;Tatsuro Taira;;16;Active;Japan;;;25;67.00;125.50;Apr. 30, 2022;70.00;38.00
20;manel-kape;Flyweight Division;0;https://ufc.com/images/styles/athlete_bio_full_body/s3/2025-02/KAPE_MANEL_L_03-01.png?itok=XCXGNjBu;7;Manel Kape;StarBoy;21;Active;Angola;Xtreme Couture - Las Vegas, NV;MMA;31;65.00;126.00;Feb. 6, 2021;68.00;39.00
21;alex-perez;Flyweight Division;0;https://ufc.com/images/styles/athlete_bio_full_body/s3/2025-01/5/PEREZ_ALEX_L_06-15.png?itok=8UdkdbV_;9;Alex Perez;;25;Active;Hanford, United States;Syndicate MMA;Freestyle;32;66.00;126.00;Aug. 8, 2017;65.50;38.00
22;steve-erceg;Flyweight Division;0;https://ufc.com/images/styles/athlete_bio_full_body/s3/2025-01/5/ERCEG_STEVEN_L_08-17.png?itok=70FrgDdE;3;Steve Erceg;Astroboy;12;Active;Perth, Australia;;MMA;29;68.00;125.50;May. 20, 2023;68.00;38.00
23;assu-almabayev;Flyweight Division;0;https://ufc.com/images/styles/athlete_bio_full_body/s3/2025-01/5/ALMABAYEV_ASU_L_06-15.png?itok=hc7pheyp;3;Asu Almabayev ;Zulfikar;21;Active;Kazakhstan;Dar Team;Jiu-Jitsu;31;64.00;126.00;Aug. 5, 2023;65.00;36.00
24;tim-elliott;Bantamweight Division;1;https://ufc.com/images/styles/athlete_bio_full_body/s3/2025-01/5/ELLIOTT_TIM_L_12-09.png?itok=S3JE_8wz;13;Tim Elliott;;21;Active;United States;;Freestyle;38;67.00;136.00;May. 5, 2012;66.00;38.00
25;tagir-ulanbekov;Flyweight Division;0;https://ufc.com/images/styles/athlete_bio_full_body/s3/2025-01/7/ULANBEKOV_TAGIR_L_01-18.png?itok=YiMfwSGb;2;Tagir Ulanbekov;;16;Active;Dagestan, Russia;AKA / Eagles MMA;Wrestling;33;67.00;125.50;Oct. 10, 2020;70.00;39.00
26;bruno-silva;Flyweight Division;2;https://ufc.com/images/styles/athlete_bio_full_body/s3/2025-01/5/SILVA_BRUNO_L_03-11.png?itok=fy1akIMY;6;Bruno Silva;Bulldog;14;Active;Piracicaba, Brazil;American Top Team;Grappler;35;64.00;126.00;Sep. 7, 2019;65.00;35.00
27;ramazan-temirov;Flyweight Division;0;https://ufc.com/images/styles/athlete_bio_full_body/s3/2024-11/TEMIROV_RAMAZAN_L_10-12.png?itok=2VOhqMJi;3;Ramazan Temirov;Temurlan;19;Active;Karshi, Uzbekistan;Legion Gym;Striker;28;64.00;125.50;Oct. 12, 2024;63.00;36.00
28;charles-johnson;Flyweight Division;0;https://ufc.com/images/styles/athlete_bio_full_body/s3/2025-02/JOHNSON_CHARLES_L_03-01.png?itok=QVSACMPe;7;Charles Johnson;Inner G;17;Active;Topeka, United States;Murcielago MMA;;34;69.00;125.00;Jul. 23, 2022;70.00;40.00
29;joshua-van;Flyweight Division;0;https://ufc.com/images/styles/athlete_bio_full_body/s3/2025-03/VAN_JOSHUA_L_03-08.png?itok=hzN9x1s3;2;Joshua Van;The Fearless;14;Active;Hakha , Myanmar;4oz Fight Club;Freestyle;23;65.00;125.50;Jun. 24, 2023;65.00;35.00
30;petr-yan;Bantamweight Division;0;https://ufc.com/images/styles/athlete_bio_full_body/s3/2025-01/5/YAN_PETR_L_11-23.png?itok=isjcRLJt;5;Petr Yan;No Mercy;18;Active;Krasnoyarsk Krai, Russia;Team Yan;Boxer;32;67.50;135.50;Jun. 23, 2018;67.00;38.00
31;umar-nurmagomedov;Bantamweight Division;0;https://ufc.com/images/styles/athlete_bio_full_body/s3/2025-01/NURMAGOMEDOV_UMAR_L_01-18.png?itok=iHETqGt4;1;Umar Nurmagomedov;;18;Active;Republic of Dagestan, Russia;;MMA;29;68.00;135.00;Jan. 20, 2021;69.00;39.00
32;cory-sandhagen;Bantamweight Division;0;https://ufc.com/images/styles/athlete_bio_full_body/s3/2025-01/5/SANDHAGEN_CORY_L_08-03.png?itok=h0Wtfnz-;5;Cory Sandhagen;;17;Active;Aurora, United States;;MMA;32;71.00;136.00;Jan. 28, 2018;70.00;40.00
33;deiveson-figueiredo;Bantamweight Division;1;https://ufc.com/images/styles/athlete_bio_full_body/s3/2025-01/5/FIGUEIREDO_DEIVESON_L_04-13.png?itok=vDljbMLg;4;Deiveson Figueiredo;Deus da Guerra;24;Active;Soure, Brazil;Team Figueiredo;Boxing;37;65.00;135.00;Jun. 3, 2017;68.00;38.00
34;yadong-song;Bantamweight Division;1;https://ufc.com/images/styles/athlete_bio_full_body/s3/2025-01/5/YADONG_SONG_L_03-09.png?itok=hTvFDc4q;8;Song Yadong;Kung Fu Kid;22;Active;Heilongjiang, China;Team Alpha Male;Boxer;27;68.00;136.00;Nov. 25, 2017;67.00;38.00
35;marlon-vera;Bantamweight Division;1;https://ufc.com/images/styles/athlete_bio_full_body/s3/2025-01/5/VERA_MARLON_L_08-03.png?itok=i_ucHgXD;10;Marlon Vera;Chito;23;Active;Chone, Ecuador;Team 5050 Guayaquil Ecuador;Grappler;32;68.00;136.00;Nov. 15, 2014;70.50;40.50
36;rob-font;Bantamweight Division;0;https://ufc.com/images/styles/athlete_bio_full_body/s3/2025-02/FONT_ROB_L_02-22.png?itok=gkwya-F-;8;Rob Font;;22;Active;Leominster, United States;Sityodtong - Boston;Striker;37;68.00;138.00;Jul. 5, 2014;71.50;38.50
37;henry-cejudo;Bantamweight Division;0;https://ufc.com/images/styles/athlete_bio_full_body/s3/2025-02/CEJUDO_HENRY_L_02-22.png?itok=GkWSytbY;5;Henry Cejudo;Triple C;16;Active;Los Angeles, United States;Fight Ready - Scottsdale, AZ;Wrestling;38;64.00;135.00;Dec. 13, 2014;64.00;37.00
38;mario-bautista;Bantamweight Division;0;https://ufc.com/images/styles/athlete_bio_full_body/s3/2025-01/5/BAUTISTA_MARIO_L_01-13.png?itok=Gf7UiNlj;2;Mario Bautista;;15;Active;Winnemucca, United States;The MMA Lab;Freestyle;31;69.00;136.00;Jan. 19, 2019;72.00;39.00
39;jose-aldo;Bantamweight Division;0;https://ufc.com/images/styles/athlete_bio_full_body/s3/2025-01/5/ALDO_JOSE_L_10-05.png?itok=wNRyukeK;9;Jose Aldo;;32;Active;Manaus, Brazil;Nova Uniao;Jiu-Jitsu;38;67.00;136.00;Apr. 30, 2011;70.00;40.00
40;kyler-phillips;Bantamweight Division;0;https://ufc.com/images/styles/athlete_bio_full_body/s3/2025-01/5/PHILLIPS_KYLER_L_10-19.png?itok=0LWJhXJp;3;Kyler Phillips;The Matrix;12;Active;Torrance, United States;;;29;68.00;135.50;Aug. 1, 2017;72.00;38.00
41;marcus-mcghee;Bantamweight Division;0;https://ufc.com/images/styles/athlete_bio_full_body/s3/2025-01/5/MCGHEE_MARCUS_L_01-13.png?itok=7PHLMpGO;1;Marcus McGhee;The Maniac;10;Active;Detroit, United States;The MMA Lab;Brazilian Jiu-Jitsu;34;68.00;135.60;Apr. 29, 2023;69.00;38.00
42;aiemann-zahabi;Bantamweight Division;0;https://ufc.com/images/styles/athlete_bio_full_body/s3/2025-01/5/ZAHABI_AIEMANN_L_11-02.png?itok=ghRfWQDW;2;Aiemann Zahabi;;12;Active;Laval, Canada;;MMA;37;68.00;135.50;Feb. 20, 2017;68.50;38.00
43;montel-jackson;Bantamweight Division;0;https://ufc.com/images/styles/athlete_bio_full_body/s3/2025-01/5/JACKSON_MONTEL_L_07-13.png?itok=cT9gFlKt;2;Montel Jackson;Quik;15;Active;Milwaukee, United States;Pura Vida BJJ & MMA;MMA;32;70.00;135.00;Aug. 4, 2018;75.50;41.00
44;diego-lopes;Featherweight Division;0;https://ufc.com/images/styles/athlete_bio_full_body/s3/2025-01/5/LOPES_DIEGO_L_09-14.png?itok=YrFMMIIg;6;Diego Lopes;;26;Active;Manaus, Brazil;;Jiu-Jitsu;30;71.00;145.00;May. 6, 2023;72.50;41.00
45;movsar-evloev;Featherweight Division;0;https://ufc.com/images/styles/athlete_bio_full_body/s3/2025-01/5/EVLOEV_MOVSAR_L_12-07.png?itok=q_53h1DZ;0;Movsar Evloev;;19;Active;Ingushetia, Russia;American Top Team;Freestyle;31;67.00;145.50;Apr. 20, 2019;72.50;36.00
46;yair-rodriguez;Featherweight Division;0;https://ufc.com/images/styles/athlete_bio_full_body/s3/2025-01/5/RODRIGUEZ_YAIR_L_02-24.png?itok=47fDPRar;5;Yair Rodriguez;El Pantera;16;Active;Hidalgo Del Parral, Mexico;Izzystyle wrestling & VFS Chicago;Freestyle;32;71.00;146.00;Nov. 15, 2014;71.00;41.50
47;brian-ortega;Featherweight Division;0;https://ufc.com/images/styles/athlete_bio_full_body/s3/2025-01/5/ORTEGA_BRIAN_L_09-14.png?itok=pUV9T7HB;4;Brian Ortega;T-City;16;Active;Carson, United States;Team Ortega;Jiu-Jitsu;34;68.00;146.00;Jul. 26, 2014;69.00;39.00
48;arnold-allen;Featherweight Division;0;https://ufc.com/images/styles/athlete_bio_full_body/s3/2025-01/5/ALLEN_ARNOLD_L_07-27.png?itok=i7153C9o;3;Arnold Allen;Almighty;20;Active;Ipswich, England;BKK / Tristar;MMA;31;68.00;145.00;Jun. 20, 2015;70.00;39.00
49;josh-emmett;Featherweight Division;0;https://ufc.com/images/styles/athlete_bio_full_body/s3/2025-01/5/EMMETT_JOSH_L_12-16.png?itok=NyxbE5Xk;4;Josh Emmett;CC0 (C-C-OH);19;Active;Phoenix, United States;Team Alpha Male  (Urijah Faber's Ultimate Fitness);Freestyle;40;66.50;146.00;May. 8, 2016;70.00;39.50
50;aljamain-sterling;Featherweight Division;0;https://ufc.com/images/styles/athlete_bio_full_body/s3/2025-01/5/STERLING_ALJAMAIN_L_04-13.png?itok=rh3i96y4;5;Aljamain Sterling;Funk Master;24;Active;United States;Serra-Longo - Long Island, NY;Kickboxer;35;67.00;145.50;Feb. 22, 2014;71.00;39.00
51;lerone-murphy;Featherweight Division;1;https://ufc.com/images/styles/athlete_bio_full_body/s3/2025-01/5/MURPHY_LERONE_L_10-26.png?itok=iJChzpgf;0;Lerone Murphy;The Miracle;15;Active;Manchester, England;;Kickboxer;33;69.00;145.50;Sep. 7, 2019;73.50;39.00
52;giga-chikadze;Featherweight Division;0;https://ufc.com/images/styles/athlete_bio_full_body/s3/2025-01/5/CHIKADZE_GIGA_L_08_26.png?itok=iER1mr-P;4;Giga Chikadze;Ninja;15;Active;Tbilisi, Georgia;Kings MMA;Karate;36;72.00;146.00;Sep. 28, 2019;74.00;40.50
53;youssef-zalal;Featherweight Division;1;https://ufc.com/images/styles/athlete_bio_full_body/s3/2024-08/ZALAL_YOUSSEF_L_08-10.png?itok=uxWBvrql;5;Youssef Zalal;The Moroccan Devil;17;Active;Casablanca, Morocco;Factory X;Freestyle;28;70.00;146.00;Feb. 8, 2020;72.00;39.00
54;bryce-mitchell;Featherweight Division;0;https://ufc.com/images/styles/athlete_bio_full_body/s3/2025-01/5/MITCHELL_BRYCE_L_12-07.png?itok=dHLy0NT0;3;Bryce Mitchell;Thug Nasty;17;Active;Texarkana, United States;;MMA;30;70.00;146.00;Jul. 6, 2018;70.00;40.00
55;calvin-kattar;Featherweight Division;0;https://ufc.com/images/styles/athlete_bio_full_body/s3/2025-01/5/KATTAR_CALVIN_L_04-13.png?itok=JFYKcDev;9;Calvin Kattar;;23;Active;Methuen, United States;New England MMA;Freestyle;36;71.00;146.00;Jul. 29, 2017;72.00;40.00
56;dan-ige;Featherweight Division;0;https://ufc.com/images/styles/athlete_bio_full_body/s3/2025-01/5/IGE_DAN_L_10-26.png?itok=UMfrs3uB;9;Dan Ige;50K;18;Active;San Clemente, United States;;Jiu-Jitsu;33;67.00;146.00;Jul. 25, 2017;71.00;38.00
57;arman-tsarukyan;Lightweight Division;0;https://ufc.com/images/styles/athlete_bio_full_body/s3/2025-01/TSARUKYAN_ARMAN_L_01-18.png?itok=YBzrEyRA;3;Arman Tsarukyan;Ahalkalakets;22;Active;Georgia;Syndicate MMA - Las Vegas, NV;Kickboxer;28;67.00;170.00;Apr. 20, 2019;72.50;39.50
58;justin-gaethje;Lightweight Division;0;https://ufc.com/images/styles/athlete_bio_full_body/s3/2025-03/GAETHJE_JUSTIN_L_03-08.png?itok=0D0p8LR9;5;Justin Gaethje;The Highlight;27;Active;Tucson, United States;Genesis Training Center;MMA;36;71.00;156.00;Jul. 8, 2017;70.00;40.00
59;dustin-poirier;Lightweight Division;0;https://ufc.com/images/styles/athlete_bio_full_body/s3/2025-01/5/POIRIER_DUSTIN_L_06-01.png?itok=YHikGku5;9;Dustin Poirier;The Diamond;30;Active;Lafayette, United States;American Top Team ATT Coconut Creek, FL;Jiu-Jitsu;36;69.00;155.00;Jan. 2, 2011;72.00;40.50
60;dan-hooker;Lightweight Division;0;https://ufc.com/images/styles/athlete_bio_full_body/s3/2025-01/5/HOOKER_DAN_L_08-17.png?itok=1VAO8kcJ;12;Dan Hooker;The Hangman;24;Active;Aukland, New Zealand;Saigon Sports Club- Vietnam;MMA;35;72.00;155.50;Jun. 28, 2014;75.00;42.50
61;michael-chandler;Lightweight Division;0;https://ufc.com/images/styles/athlete_bio_full_body/s3/2025-01/5/CHANDLER_MICHAEL_L_05-07.png?itok=HjEGNPze;9;Michael Chandler;Iron;23;Active;High Ridge, United States;Kill Cliff FC;Wrestler;38;68.00;155.60;Jan. 23, 2021;71.50;37.50
62;mateusz-gamrot;Lightweight Division;0;https://ufc.com/images/styles/athlete_bio_full_body/s3/2025-01/5/GAMROT_MATEUSZ_L_08-17.png?itok=mnx_dQ1i;3;Mateusz Gamrot;Gamer;24;Active;Bielsko, Poland;American Top Team;Wrestling;34;70.00;156.00;Oct. 17, 2020;70.50;39.00
63;beneil-dariush;Lightweight Division;1;https://ufc.com/images/styles/athlete_bio_full_body/s3/2025-01/5/DARIUSH_BENEIL_L_01-18.png?itok=ftQmAu56;6;Beneil Dariush;;22;Active;Iran;Kings MMA - Huntington Beach, CA;MMA;35;70.00;167.00;Jan. 15, 2014;72.00;40.50
64;renato-moicano;Lightweight Division;1;https://ufc.com/images/styles/athlete_bio_full_body/s3/2025-01/12/MOICANO_RENATO_L_09-28.png?itok=tegTEuLA;6;Renato Moicano;;20;Active;Brasilia, Brazil;American Top Team;Jiu-Jitsu;35;71.00;155.00;Dec. 20, 2014;72.00;42.50
65;rafael-fiziev;Lightweight Division;0;https://ufc.com/images/styles/athlete_bio_full_body/s3/2025-01/5/FIZIEV_RAFAEL_L_09-23.png?itok=4kI8PzCT;4;Rafael Fiziev;Ataman;12;Active;Kyrgyzstan;Tiger Muay Thai - Phuket, Thailand;Muay Thai;32;68.00;156.00;Apr. 20, 2019;71.50;40.00
66;paddy-pimblett;Lightweight Division;0;https://ufc.com/images/styles/athlete_bio_full_body/s3/2025-01/5/PIMBLETT_PADDY_L_07-27.png?itok=1rNStQm-;3;Paddy Pimblett;The Baddy;22;Active;Liverpool, England;NEXT Generation MMA;;30;70.00;156.00;Sep. 4, 2021;73.00;40.00
67;benoit-saint-denis;Lightweight Division;0;https://ufc.com/images/styles/athlete_bio_full_body/s3/2025-01/5/SAINT_DENIS_BENOIT_L_03-09.png?itok=EvDfVI0a;3;Benoit Saint Denis ;God of War;13;Active;Nimes, France;Venum Training Camp Paris;MMA;29;71.00;156.00;Oct. 30, 2021;73.00;40.00
68;grant-dawson;Lightweight Division;1;https://ufc.com/images/styles/athlete_bio_full_body/s3/2025-01/7/DAWSON_GRANT_L_01-18.png?itok=kUYN-QsN;2;Grant Dawson;KGD;23;Active;Cambria, United States;American Top Team;;31;70.00;156.00;Aug. 15, 2017;72.00;40.00
69;ignacio-bahamondes;Lightweight Division;0;https://ufc.com/images/styles/athlete_bio_full_body/s3/2025-02/BAHAMONDES_IGNACIO_L_09-14.png?itok=ZJB3DbIY;5;Ignacio Bahamondes;La Jaula;17;Active;Santiago Metropolitan Region, Chile;Valle Flow Striking Academy;Freestyle;27;75.00;156.00;Apr. 10, 2021;75.50;42.00
70;shavkat-rakhmonov;Welterweight Division;0;https://ufc.com/images/styles/athlete_bio_full_body/s3/2025-01/5/RAKHMONOV_SHAVKAT_L_12-07.png?itok=oasJwCB_;0;Shavkat Rakhmonov;Nomad;19;Active;Uzbekistan;Kill Cliff FC;Sambo;30;73.00;171.00;Mar. 21, 2020;77.00;42.00
71;kamaru-usman;Middleweight Division;0;https://ufc.com/images/styles/athlete_bio_full_body/s3/2025-01/5/USMAN_KAMARU_L_10-21.png?itok=VXrrBgWG;4;Kamaru Usman;Nigerian Nightmare;20;Active;Auchi, Nigeria;Blackzilians - Boca Raton, FL;Freestyle;37;72.00;184.50;Jul. 12, 2015;76.00;41.00
72;jack-della-maddalena;Welterweight Division;0;https://ufc.com/images/styles/athlete_bio_full_body/s3/2025-01/5/DELLA_MADDALENA_JACK_L_09-16.png?itok=7DAHGYPv;2;Jack Della Maddalena;;17;Active;Australia;;MMA;28;71.00;170.00;Jan. 22, 2022;73.00;40.50
73;sean-brady;Welterweight Division;0;https://ufc.com/images/styles/athlete_bio_full_body/s3/2025-01/5/BRADY_SEAN_L_09-07.png?itok=kFQlPL29;1;Sean Brady;;17;Active;Philadelphia, United States;;Jiu-Jitsu;32;70.00;182.00;Oct. 18, 2019;72.00;40.00
74;joaquin-buckley;Welterweight Division;0;https://ufc.com/images/styles/athlete_bio_full_body/s3/2025-01/5/BUCKLEY_JOAQUIN_L_05-11.png?itok=XDj4nqmA;6;Joaquin Buckley;New Mansa;21;Active;United States;;Freestyle;30;70.00;171.00;Aug. 8, 2020;76.00;40.00
75;ian-garry;Welterweight Division;0;https://ufc.com/images/styles/athlete_bio_full_body/s3/2025-01/5/GARRY_IAN_L_06-29.png?itok=seAGjSPf;1;Ian Machado Garry;The Future;15;Active;Dublin, Ireland;Team Garry;;27;75.00;171.00;Nov. 6, 2021;74.50;42.00
76;gilbert-burns;Welterweight Division;0;https://ufc.com/images/styles/athlete_bio_full_body/s3/2025-01/5/BURNS_GILBERT_L_09-07.png?itok=Euf4nStN;8;Gilbert Burns;Durinho;22;Active;Niteroi, Brazil;Jaco Hybrid Training Center;Brazilian Jiu-Jitsu;38;70.00;171.00;Jul. 26, 2014;71.00;40.00
77;colby-covington;Welterweight Division;0;https://ufc.com/images/styles/athlete_bio_full_body/s3/2025-01/5/COVINGTON_COLBY_L_12-14.png?itok=tD3Wexca;5;Colby Covington;Chaos;17;Active;United States;MMA Masters - Miami, FL;Wrestling;37;71.00;171.00;Aug. 23, 2014;72.00;41.00
78;geoff-neal;Welterweight Division;0;https://ufc.com/images/styles/athlete_bio_full_body/s3/2025-01/5/NEAL_GEOFF_L_10-26.png?itok=asYClZu2;6;Geoff Neal;Handz of Steel;16;Active;Austin, United States;Fortis MMA;Striker;34;71.00;171.00;Feb. 18, 2018;75.00;41.00
79;stephen-thompson;Welterweight Division;1;https://ufc.com/images/styles/athlete_bio_full_body/s3/2025-01/5/THOMPSON_STEPHEN_L_10-05.png?itok=xsH4ldHE;8;Stephen Thompson;Wonderboy;17;Active;Greenville, United States;Upstate Karate Family Martial Arts Center;Karate;42;72.00;171.00;Feb. 4, 2012;75.00;42.00
80;michael-morales;Welterweight Division;0;https://ufc.com/images/styles/athlete_bio_full_body/s3/2025-01/5/MORALES_MICHAEL_L_08-24.png?itok=YHNrEo3b;0;Michael Morales;;17;Active;Pasaje, Ecuador;;Striker;25;72.00;171.00;Jan. 22, 2022;79.00;41.00
81;carlos-prates;Welterweight Division;0;https://ufc.com/images/styles/athlete_bio_full_body/s3/2025-01/5/PRATES_CARLOS_L_08-17.png?itok=LTLr_UYW;6;Carlos Prates;The Nightmare;21;Active;State of Sao Paulo, Brazil;The Fighting Nerds;Striker;31;73.00;170.50;Feb. 10, 2024;78.00;43.50
82;vicente-luque;Welterweight Division;1;https://ufc.com/images/styles/athlete_bio_full_body/s3/2025-01/5/LUQUE_VICENTE_L_12-07.png?itok=PaQ1AjR6;10;Vicente Luque;The Silent Assassin;23;Active;Westwood, United States;Blackzilians - Boca Raton, FL;Muay Thai;33;71.00;170.50;Jul. 12, 2015;75.50;38.00
83;michael-page;Welterweight Division;0;https://ufc.com/images/styles/athlete_bio_full_body/s3/2024-03/PAGE_MICHAEL_L_03-09.png?itok=XqoQbGfO;3;Michael Page;Venom;23;;London, England;London Shootfighters, London, UK;;37;75.00;170.00;Mar. 9, 2024;79.00;42.00
84;nassourdine-imavov;Middleweight Division;0;https://ufc.com/images/styles/athlete_bio_full_body/s3/2025-01/5/IMAVOV_NASSOURDINE_L_09-28.png?itok=71d5JEuq;4;Nassourdine Imavov;The Sniper;16;Active;Russia;Venum Training Camp Paris;Striker;29;75.00;185.00;Oct. 3, 2020;75.00;42.00
85;sean-strickland;Middleweight Division;0;https://ufc.com/images/styles/athlete_bio_full_body/s3/2025-01/5/STRICKLAND_SEAN_L_06-01.png?itok=Wum6qrCe;7;Sean Strickland;;29;Active;United States;Millennia MMA, Rancho, CA;MMA;34;73.00;185.00;Mar. 15, 2014;76.00;41.50
86;khamzat-chimaev;Middleweight Division;0;https://ufc.com/images/styles/athlete_bio_full_body/s3/2021-11/71660%252Fprofile-galery%252Ffullbodyleft-picture%252FCHIMAEV_KHAMZAT_L_10-30.png?itok=V9OsChbC;0;Khamzat Chimaev;Borz;14;;;;Wrestler;29;74.00;185.00;Jul. 15, 2020;75.00;40.00
87;israel-adesanya;Middleweight Division;0;https://ufc.com/images/styles/athlete_bio_full_body/s3/2025-01/ADESANYA_ISRAEL_L_02-01.png?itok=Qgh08Spj;5;Israel Adesanya;The Last Stylebender;24;Active;Lagos, Nigeria;City Kickboxing;Freestyle;35;76.00;185.00;Feb. 11, 2018;80.00;44.50
88;robert-whittaker;Middleweight Division;0;https://ufc.com/images/styles/athlete_bio_full_body/s3/2025-01/5/WHITTAKER_ROBERT_L_10-26.png?itok=rmA2rxn2;8;Robert Whittaker;The Reaper;27;Active;Otahuhu, Australia;PMA, Padstow NSW, Australia;Brazilian Jiu-Jitsu;34;72.00;185.50;Dec. 16, 2012;73.50;43.00
89;caio-borralho;Middleweight Division;0;https://ufc.com/images/styles/athlete_bio_full_body/s3/2025-01/5/BORRALHO_CAIO_L_08-24.png?itok=qeKF5bhl;1;Caio Borralho;The Natural;17;Active;State of Maranhao, Brazil;The Fighting Nerds;MMA;32;73.50;186.00;Apr. 16, 2022;75.00;42.00
90;jared-cannonier;Middleweight Division;0;https://ufc.com/images/styles/athlete_bio_full_body/s3/2025-02/CANNONIER_JARED_L_02-15.png?itok=4CeIbO5k;8;Jared Cannonier;Tha Killa Gorilla;18;Active;Dallas, United States;ABJJ + Gracie Barra Alaska;Striker;41;71.00;185.50;Jan. 3, 2015;77.50;41.50
91;anthony-hernandez;Middleweight Division;0;https://ufc.com/images/styles/athlete_bio_full_body/s3/2025-01/5/HERNANDEZ_ANTHONY_L_10-19.png?itok=fizIkVKK;2;Anthony Hernandez;Fluffy;14;Active;Oakland, United States;Team Fluffy;Striker;31;72.00;186.00;Feb. 2, 2019;75.00;40.00
92;roman-dolidze;Middleweight Division;0;https://ufc.com/images/styles/athlete_bio_full_body/s3/2025-01/5/DOLIDZE_ROMAN_L_10-05.png?itok=6FmyNM-v;3;Roman Dolidze;;15;Active;Batumi, Georgia;Xtreme Couture - Las Vegas, NV;MMA;36;74.00;186.00;Jul. 18, 2020;76.00;41.00
93;marvin-vettori;Middleweight Division;1;https://ufc.com/images/styles/athlete_bio_full_body/s3/2025-03/VETTORI_MARVIN_L_03-15.png?itok=_g2dd0Xk;8;Marvin Vettori;The Italian Dream;19;Active;Trento, Italy;Kings MMA - Huntington Beach, CA;MMA;31;72.00;186.00;Aug. 21, 2016;74.00;41.00
94;brendan-allen;Middleweight Division;0;https://ufc.com/images/styles/athlete_bio_full_body/s3/2025-02/ALLEN_BRENDAN_L_02-22.png?itok=obbqxSz5;7;Brendan Allen;All In;24;Active;Beaufort, United States;Kill Cliff FC;MMA;29;74.00;186.00;Oct. 18, 2019;75.00;42.00
95;paulo-costa;Middleweight Division;0;https://ufc.com/images/styles/athlete_bio_full_body/s3/2025-01/5/COSTA_PAULO_L_06-01.png?itok=iWcdJ7qN;4;Paulo Costa;The Eraser;14;Active;State of Minas Gerais, Brazil;Team Borracha;Striker;33;73.00;185.00;Mar. 12, 2017;72.00;39.50
96;reinier-de-ridder;Middleweight Division;0;https://ufc.com/images/styles/athlete_bio_full_body/s3/2025-01/DE_RIDDER_REINIER_L_01-18.png?itok=lICLoNd7;2;Reinier de Ridder;RdR;19;Active;Tilburg, Netherlands;;Jiu-Jitsu;34;76.00;184.50;Nov. 9, 2024;78.00;41.00
97;michel-pereira;Middleweight Division;0;https://ufc.com/images/styles/athlete_bio_full_body/s3/2025-01/5/PEREIRA_MICHEL_L_10-19.png?itok=Z-cWvzFL;12;Michel Pereira;Demolidor;31;Active;Maraba, Brazil;Xtreme Couture - Las Vegas, NV;Striker;31;73.00;185.50;May. 18, 2019;73.00;42.00
98;roman-kopylov;Middleweight Division;0;https://ufc.com/images/styles/athlete_bio_full_body/s3/2025-01/2/KOPYLOV_ROMAN_L_01-11.png?itok=xFLtdLuK;3;Roman Kopylov;;14;Active;Kemerovo Oblast, Russia;;;32;72.00;185.50;Nov. 9, 2019;75.00;41.00
99;jiri-prochazka;Light Heavyweight Division;1;https://ufc.com/images/styles/athlete_bio_full_body/s3/2025-01/7/PROCHAZKA_JIRI_L_01-18.png?itok=S7kn3uyt;5;Jiri Prochazka ;;31;Active;Hosteradice, Czechia;JETSAAM GYM;Karate;32;75.00;204.50;Jul. 11, 2020;80.00;45.00
100;jan-blachowicz;Light Heavyweight Division;1;https://ufc.com/images/styles/athlete_bio_full_body/s3/2025-01/5/BLACHOWICZ_JAN_L_05-14.png?itok=Sro23H6g;10;Jan Błachowicz;;29;Active;Cieszyn, Poland;Ankos MMA - Zapasniczy 67, Warszawa;MMA;42;74.00;214.90;Oct. 4, 2014;78.00;44.00
101;jamahal-hill;Light Heavyweight Division;0;https://ufc.com/images/styles/athlete_bio_full_body/s3/2025-01/HILL_JAMAHAL_L_01-18.png?itok=31OdpoOU;3;Jamahal Hill;Sweet Dreams;12;Active;Chicago, United States;;MMA;33;76.00;205.50;Jan. 25, 2020;79.00;43.50
102;aleksandar-rakic;Light Heavyweight Division;0;https://ufc.com/images/styles/athlete_bio_full_body/s3/2025-01/5/RAKIC_ALEKSANDAR_L_10-26.png?itok=qjxvN9Vh;5;Aleksandar Rakic;Rocket;14;Active;Vienna, Austria;American Top Team Zagreb;Freestyle;33;76.00;206.00;Sep. 2, 2017;78.00;46.00
103;carlos-ulberg;Light Heavyweight Division;0;https://ufc.com/images/styles/athlete_bio_full_body/s3/2025-01/5/ULBERG_CARLOS_L_05-11.png?itok=y8JOySUe;1;Carlos Ulberg;Black Jag;12;Active;Auckland, New Zealand;City Kickboxing;Kickboxer;34;76.00;220.50;Mar. 6, 2021;77.00;43.50
104;khalil-rountree-jr;Light Heavyweight Division;0;https://ufc.com/images/styles/athlete_bio_full_body/s3/2025-01/5/ROUNTREE_KHALIL_L_12-09.png?itok=qN4_yzFn;6;Khalil Rountree Jr.;;14;Active;Los Angeles, United States;Syndicate MMA - Las Vegas, NV;MMA;35;73.00;205.00;Jul. 9, 2016;76.50;44.00
105;nikita-krylov;Light Heavyweight Division;0;https://ufc.com/images/styles/athlete_bio_full_body/s3/2025-01/5/KRYLOV_NIKITA_L_03-11.png?itok=H2IvRh4q;9;Nikita Krylov;The Miner;30;Active;;Fight Club No1 - Moscow, Russia;Karate;33;75.00;213.00;Sep. 1, 2013;77.50;44.50
106;volkan-oezdemir;Light Heavyweight Division;0;https://ufc.com/images/styles/athlete_bio_full_body/s3/2025-01/5/OEZDEMIR_VOLKAN_L_11-23.png?itok=BkueGFQW;8;Volkan Oezdemir;No Time;20;Active;Fribourg, Switzerland;Allstars Training Center;Striker;35;74.00;206.00;Feb. 5, 2017;75.00;40.50
107;johnny-walker;Light Heavyweight Division;0;https://ufc.com/images/styles/athlete_bio_full_body/s3/2025-01/5/WALKER_JOHNNY_L_06-22.png?itok=n2g3Uaz1;9;Johnny Walker;;21;Active;Belford Roxo, Brazil;SBG Ireland;MMA;32;78.00;206.00;Nov. 17, 2018;82.00;44.50
108;dominick-reyes;Light Heavyweight Division;0;https://ufc.com/images/styles/athlete_bio_full_body/s3/2025-01/5/REYES_DOMINICK_L_12-07.png?itok=C3ZhAAFm;4;Dominick Reyes;The Devastator;14;Active;Apple Valley, United States;Cobra Kai Victorville;Kickboxer;35;76.00;205.00;Jun. 26, 2017;77.00;43.50
109;azamat-murzakanov;Light Heavyweight Division;0;https://ufc.com/images/styles/athlete_bio_full_body/s3/2025-01/5/MURZAKANOV_AZAMAT_L_08-03.png?itok=BRG5nU2A;0;Azamat Murzakanov;Professional;14;Active;Nalchik, Russia;;MMA;35;70.00;205.00;Nov. 20, 2021;71.50;41.00
110;bogdan-guskov;Light Heavyweight Division;0;https://ufc.com/images/styles/athlete_bio_full_body/s3/2025-01/7/GUSKOV_BOGDAN_L_01-18.png?itok=Xh7Vo1qh;3;Bogdan Guskov;Czarevitch;17;Active;Tashkent, Uzbekistan;;MMA;32;75.00;205.50;Sep. 2, 2023;76.00;41.00
111;alonzo-menifield;Light Heavyweight Division;1;https://ufc.com/images/styles/athlete_bio_full_body/s3/2025-02/MENIFIELD_ALONZO_L_02-22.png?itok=-fZW-aZ4;5;Alonzo Menifield;Atomic;16;Active;Los Angeles, United States;;Freestyle;37;72.00;205.00;Jan. 19, 2019;76.00;41.00
112;anthony-smith;Light Heavyweight Division;0;https://ufc.com/images/styles/athlete_bio_full_body/s3/2025-01/5/SMITH_ANTHONY_L_06-29.png?itok=EzRlEqE8;21;Anthony Smith;Lionheart;38;Active;Corpus Christi, United States;Mick Doyle's Kickboxing - Omaha, NE;Freestyle;36;76.00;205.50;Aug. 19, 2012;76.00;44.00
113;ciryl-gane;Heavyweight Division;0;https://ufc.com/images/styles/athlete_bio_full_body/s3/2025-01/5/GANE_CIRYL_L_12-07.png?itok=FskbLuVB;2;Ciryl Gane;Bon Gamin;13;Active;La Roche-sur-Yon, Vendee, France;MMA Factory - Paris, France;Muay Thai;34;76.00;245.50;Aug. 10, 2019;81.00;42.00
114;alexander-volkov;Heavyweight Division;0;https://ufc.com/images/styles/athlete_bio_full_body/s3/2025-01/5/VOLKOV_ALEXANDER_L_06-22.png?itok=OKFbCy8W;11;Alexander Volkov;Drago;38;Active;Moscow, Russia;Global Fight Gym;Brazilian Jiu-Jitsu;36;79.00;254.50;Nov. 19, 2016;80.00;47.50
115;sergei-pavlovich;Heavyweight Division;0;https://ufc.com/images/styles/athlete_bio_full_body/s3/2025-01/PAVLOVICH_SERGEI_L_02-01.png?itok=MY4F-Kia;3;Sergei Pavlovich;;19;Active;Russia;;MMA;32;75.00;249.00;Nov. 24, 2018;84.00;45.00
116;curtis-blaydes;Heavyweight Division;0;https://ufc.com/images/styles/athlete_bio_full_body/s3/2025-03/BLAYDES_CURTIS_L_03-08.png?itok=_x6AInF_;5;Curtis Blaydes;Razor;18;Active;Naperville, United States;Dutch Style MMA/ UFC Gym Lombard IL;MMA;34;76.00;262.00;Apr. 10, 2016;80.00;46.00
117;jailton-almeida;Heavyweight Division;0;https://ufc.com/images/styles/athlete_bio_full_body/s3/2025-01/7/ALMEIDA_JAILTON_L_01-18.png?itok=jpP9dOKh;3;Jailton Almeida;Malhadinho;22;Active;Brazil;;Wrestler;33;75.00;235.00;Nov. 13, 2021;79.00;43.50
118;serghei-spivac;Heavyweight Division;0;https://ufc.com/images/styles/athlete_bio_full_body/s3/2022-03/7976d658-43f8-4c33-9ae0-4ec3b8a2403d%252FSPIVAC_SERGHEI_L_03-05.png?itok=EsTn-tdo;5;Serghei Spivac;Polar Bear;17;Active;Chisinau, Moldova;Polar Bear Team;Sambo;29;75.00;260.00;May. 4, 2019;78.00;44.00
119;marcin-tybura;Heavyweight Division;0;https://ufc.com/images/styles/athlete_bio_full_body/s3/2025-01/5/TYBURA_MARCIN_L_11-16.png?itok=cxmH0xgD;9;Marcin Tybura;Tybur;26;Active;Uniejow, Poland;S4 Warszawa;MMA;39;75.00;254.00;Apr. 10, 2016;78.00;46.00
120;derrick-lewis;Heavyweight Division;0;https://ufc.com/images/styles/athlete_bio_full_body/s3/2025-01/5/LEWIS_DERRICK_L_11-02.png?itok=9TZRH57-;12;Derrick Lewis;The Black Beast;28;Active;New Orleans, United States;4oz Fight Club;Brawler;40;75.00;266.00;Apr. 19, 2014;79.00;43.50
121;tai-tuivasa;Heavyweight Division;0;https://ufc.com/images/styles/athlete_bio_full_body/s3/2025-01/5/TUIVASA_TAI_L_08-17.png?itok=NpCXxG3n;8;Tai Tuivasa;Bam Bam;15;Active;Kingswood, Australia;Team Tuivasa;;32;74.00;265.00;Nov. 18, 2017;75.00;39.50
122;waldo-cortes-acosta;Heavyweight Division;0;https://ufc.com/images/styles/athlete_bio_full_body/s3/2025-03/CORTES-ACOSTA_WALDO_L_03-15.png?itok=CKHPPjxw;1;Waldo Cortes Acosta;Salsa Boy;13;Active;Dominican Republic;;Striker;33;76.00;261.50;Oct. 29, 2022;70.00;43.50
123;shamil-gaziev;Heavyweight Division;0;https://ufc.com/images/styles/athlete_bio_full_body/s3/2025-01/GAZIEV_SHAMIL_L_02-01.png?itok=VZSPMijF;1;Shamil Gaziev;;14;Active;Khunzakh, Dagestan, Russia;;MMA;35;76.00;260.00;Dec. 16, 2023;78.50;45.00
124;mick-parkin;Heavyweight Division;0;https://ufc.com/images/styles/athlete_bio_full_body/s3/2025-01/5/PARKIN_MICK_L_07-27.png?itok=cR8wNYb2;0;Mick Parkin;;10;Active;Sunderland, England;Team Fish Tank;MMA;29;76.00;258.00;Jul. 22, 2023;79.00;43.00
125;tallison-teixeira;Heavyweight Division;0;https://ufc.com/images/styles/athlete_bio_full_body/s3/2024-10/TEIXEIRA_TALLISON_L.png?itok=o8HlPXPN;0;Tallison Teixeira;Xicao;8;Active;Vitoria da Conquista, Brazil;;Striker;25;79.00;263.00;Feb. 8, 2025;83.00;43.00
126;kennedy-nzechukwu;Heavyweight Division;0;https://ufc.com/images/styles/athlete_bio_full_body/s3/2024-12/NZECHUKWU_KENNEDY_L_12-07.png?itok=m71eatdY;5;Kennedy Nzechukwu;African Savage;14;Active;United States;War Room MMA;Wrestler;32;77.00;236.50;Aug. 22, 2017;83.00;47.00
127;valentina-shevchenko;Women's Flyweight Division;1;https://ufc.com/images/styles/athlete_bio_full_body/s3/2025-01/5/SHEVCHENKO_VALENTINA_L_BELT_03-05.png?itok=CnKl02RK;4;Valentina Shevchenko;Bullet;24;Active;Bishkek, Kyrgyzstan;Tiger Muay Thai - Phuket, Thailand;Muay Thai;37;65.00;125.00;Dec. 19, 2015;67.00;38.00
128;weili-zhang;Women's Strawweight Division;0;https://ufc.com/images/styles/athlete_bio_full_body/s3/2025-02/ZHANG_WEILI_L_BELT_02-08.png?itok=oYLMOZoJ;3;Zhang Weili;Magnum;26;Active;Hebei, China;Team Zhang;Muay Thai;35;64.00;115.00;Aug. 4, 2018;63.00;36.00
129;alexa-grasso;Women's Flyweight Division;1;https://ufc.com/images/styles/athlete_bio_full_body/s3/2025-01/5/GRASSO_ALEXA_L_03-05.png?itok=O6jH3J1S;4;Alexa Grasso;;16;Active;Guadalajara, Mexico;Lobo Gym MMA;MMA;31;65.00;124.00;Nov. 6, 2016;66.00;37.50
130;julianna-pena;Women's Bantamweight Division;0;https://ufc.com/images/styles/athlete_bio_full_body/s3/2025-01/5/PENA_JULIANNA_L_BELT_07-30.png?itok=ln4aPF-V;5;Julianna Pena;The Venezuelan Vixen;13;Active;Spokane, United States;Sik-Jitsu Spokane, WA;;35;66.00;134.50;Dec. 1, 2013;69.00;39.00
131;manon-fiorot;Women's Flyweight Division;0;https://ufc.com/images/styles/athlete_bio_full_body/s3/2025-01/5/FIOROT_MANON_L_3-30.png?itok=uekUAzQV;1;Manon Fiorot;The Beast;12;Active;Nice, France;;Karate;35;67.00;124.50;Jan. 20, 2021;65.00;38.00
132;erin-blanchfield;Women's Flyweight Division;0;https://ufc.com/images/styles/athlete_bio_full_body/s3/2025-01/5/BLANCHFIELD_ERIN_L_11-02.png?itok=hGFmI4c0;2;Erin Blanchfield;Cold Blooded;13;Active;United States;;Jiu-Jitsu;25;64.00;125.50;Sep. 18, 2021;66.00;36.00
133;kayla-harrison;Women's Bantamweight Division;0;https://ufc.com/images/styles/athlete_bio_full_body/s3/2025-01/5/HARRISON_KAYLA_L_04-13.png?itok=a_8TtBKF;1;Kayla Harrison;;18;Active;Middletown, United States;;Judo;34;68.00;136.00;Apr. 13, 2024;66.00;37.00
134;raquel-pennington;Women's Bantamweight Division;0;https://ufc.com/images/styles/athlete_bio_full_body/s3/2025-01/5/PENNINGTON_RAQUEL_L_01-20.png?itok=5LiXxOES;10;Raquel Pennington;Rocky;16;Active;Colorado Springs, United States;Colorado Springs BJJ;Freestyle;36;67.00;135.00;Dec. 1, 2013;67.50;37.00
135;rose-namajunas;Women's Flyweight Division;0;https://ufc.com/images/styles/athlete_bio_full_body/s3/2025-01/5/NAMAJUNAS_ROSE_L_07-13.png?itok=0755HalR;7;Rose Namajunas;Thug;14;Active;Milwaukee, United States;Grudge Training Center;MMA;32;65.00;125.00;Dec. 12, 2014;65.00;39.50
136;xiaonan-yan;Women's Strawweight Division;0;https://ufc.com/images/styles/athlete_bio_full_body/s3/2025-01/5/XIAONAN_YAN_L_11-23.png?itok=HSH5jT4t;4;Yan Xiaonan;;19;Active;Liaoning, China;China Top Team Beijing;Striker;35;65.00;116.00;Nov. 25, 2017;63.00;37.00
137;tatiana-suarez;Women's Strawweight Division;0;https://ufc.com/images/styles/athlete_bio_full_body/s3/2025-01/5/SAUREZ_TATIANA_L_02-25.png?itok=pSnPGr-0;1;Tatiana Suarez;;11;Active;Bellflower, United States;Millennia MMA - Rancho Cucamonga, CA;MMA;34;65.00;114.50;Jul. 9, 2016;66.00;39.00
138;virna-jandiroba;Women's Strawweight Division;0;https://ufc.com/images/styles/athlete_bio_full_body/s3/2025-01/5/JANDIROBA_VIRNA_L_03-30.png?itok=bGJIledE;3;Virna Jandiroba;Carcara;21;Active;State of Bahia, Brazil;;Jiu-Jitsu;36;63.00;115.50;Apr. 27, 2019;64.00;37.00
139;natalia-silva;Women's Flyweight Division;1;https://ufc.com/images/styles/athlete_bio_full_body/s3/2025-01/5/SILVA_NATALIA_L_09-07.png?itok=8fpolGDC;5;Natalia Silva;;18;Active;Timoteo, Brazil;Team Borracha;Taekwondo;28;64.00;125.50;Jun. 18, 2022;65.00;36.00
140;jessica-andrade;Women's Flyweight Division;0;https://ufc.com/images/styles/athlete_bio_full_body/s3/2025-01/5/ANDRADE_JESSICA_L_09-07.png?itok=xC84GWTP;13;Jessica Andrade ;Bate Estaca;26;Active;Umuarama, Brazil;PRVT Para Vale Tudo;Muay Thai;33;61.50;124.50;Jul. 27, 2013;62.00;35.00
141;maycee-barber;Women's Flyweight Division;0;https://ufc.com/images/styles/athlete_bio_full_body/s3/2025-01/5/BARBER_MAYCEE_L_03-09.png?itok=XYMS3_hC;2;Maycee Barber;The Future;14;Active;Greeley, United States;Team Alpha Male;Freestyle;26;65.00;125.00;Nov. 10, 2018;65.00;38.00
142;amanda-lemos;Women's Strawweight Division;1;https://ufc.com/images/styles/athlete_bio_full_body/s3/2025-03/LEMOS_AMANDA_L_03-08.png?itok=ebhW-khz;4;Amanda Lemos;;15;Active;Belem, Brazil;Marajo Brothers;Boxing;37;64.00;116.00;Jul. 16, 2017;65.00;36.00
143;mackenzie-dern;Women's Strawweight Division;0;https://ufc.com/images/styles/athlete_bio_full_body/s3/2025-01/22/DERN_MACKENZIE_L_01-11.png?itok=7v7Ma5Ov;5;Mackenzie Dern;;15;Active;United States;Megaton Dias BJJ;Brazilian Jiu-Jitsu;31;64.00;116.00;Mar. 3, 2018;63.00;37.50
144;amanda-ribas;Women's Strawweight Division;0;https://ufc.com/images/styles/athlete_bio_full_body/s3/2025-01/8/RIBAS_AMANDA_L_01-11.png?itok=jwdCtXE-;6;Amanda Ribas;;12;Active;Varginha, Brazil;;Judo;31;64.00;116.00;Jun. 29, 2019;66.00;37.00
145;iasmin-lucindo;Women's Strawweight Division;0;https://ufc.com/images/styles/athlete_bio_full_body/s3/2025-01/5/LUCINDO_IASMIN_L_04-22.png?itok=hk0a2sQR;6;Iasmin Lucindo;;17;Active;Fortaleza, Brazil;;Striker;23;63.00;115.50;Aug. 13, 2022;66.00;36.00
146;marina-rodriguez;Women's Strawweight Division;2;https://ufc.com/images/styles/athlete_bio_full_body/s3/2025-01/5/RODRIGUEZ_MARINA_L_10-05.png?itok=l0l9sfFg;5;Marina Rodriguez;;17;Active;State of Rio Grande do Sul, Brazil;;Muay Thai;37;66.00;115.50;Sep. 23, 2018;65.00;38.50
147;tabatha-ricci;Women's Strawweight Division;0;https://ufc.com/images/styles/athlete_bio_full_body/s3/2025-01/5/RICCI_TABATHA_L_08-24.png?itok=izUEtuXk;3;Tabatha Ricci;Baby Shark;11;Active;State of Sao Paulo, Brazil;;Judo;30;61.00;115.50;Jun. 5, 2021;61.00;36.00
148;loopy-godinez;Women's Strawweight Division;0;https://ufc.com/images/styles/athlete_bio_full_body/s3/2025-01/5/GODINEZ_LOOPY_L_09-16.png?itok=WzGkSUTP;5;Loopy Godinez;;12;Active;Aguascalientes, Mexico;;;31;62.00;115.50;Apr. 17, 2021;61.00;35.00
149;gillian-robertson;Women's Strawweight Division;0;https://ufc.com/images/styles/athlete_bio_full_body/s3/2025-01/5/ROBERTSON_GILLIAN_L_01-20.png?itok=sbiZCGHg;8;Gillian Robertson;The Savage;15;Active;Niagara Falls, Canada;;MMA;29;65.00;116.00;Dec. 1, 2017;63.00;35.50
150;angela-hill;Women's Strawweight Division;0;https://ufc.com/images/styles/athlete_bio_full_body/s3/2025-02/HILL_ANGELA_L_02-15.png?itok=_NaWmELG;14;Angela Hill;Overkill;18;Active;Clinton, United States;;Muay Thai;40;63.00;115.50;Dec. 12, 2014;64.50;38.50
151;luana-pinheiro;Women's Strawweight Division;0;https://ufc.com/images/styles/athlete_bio_full_body/s3/2025-01/5/PINHEIRO_LUANA_L_11-09.png?itok=xdAMg7jW;4;Luana Pinheiro;;11;Active;Joao Pessoa, Brazil;;Judo;32;62.50;115.50;Mar. 27, 2021;62.50;38.00
152;tecia-pennington;Women's Strawweight Division;0;https://ufc.com/images/styles/athlete_bio_full_body/s3/2025-01/5/PENNINGTON_TECIA_L_05-11.png?itok=YQRjrZDR;7;Tecia Pennington;Tiny Tornado;14;Active;Fall River, United States;American Top Team ATT Coconut Creek, FL;Kickboxer;35;61.00;115.00;Dec. 12, 2014;60.50;35.00
153;viviane-araujo;Women's Flyweight Division;0;https://ufc.com/images/styles/athlete_bio_full_body/s3/2025-01/5/ARAUJO_VIVIANE_L_11-16.png?itok=o6-gyAvC;6;Viviane Araujo;Vivi;13;Active;Brasilia, Brazil;;MMA;38;64.00;125.60;May. 11, 2019;68.00;36.50
154;jasmine-jasudavicius;Women's Flyweight Division;0;https://ufc.com/images/styles/athlete_bio_full_body/s3/2025-01/JASUDAVICIUS_JASMINE_L_02-01.png?itok=kujav2Bq;3;Jasmine Jasudavicius;;13;Active;St. Catharines, Canada;Niagara Top Team;Brawler;36;67.00;125.00;Jan. 22, 2022;68.00;38.00
155;tracy-cortez;Women's Flyweight Division;0;https://ufc.com/images/styles/athlete_bio_full_body/s3/2025-01/5/CORTEZ_TRACY_L_07-13.png?itok=J_AF5Af7;2;Tracy Cortez;;11;Active;Phoenix, United States;;MMA;31;65.00;126.00;Nov. 16, 2019;65.50;38.50
156;karine-silva;Women's Flyweight Division;0;https://ufc.com/images/styles/athlete_bio_full_body/s3/2025-01/5/SILVA_KARINE_L_08-19.png?itok=uhMrXGKY;5;Karine Silva;Killer;18;Active;Dourados, Brazil;Gile Ribeiro - Curitiba, Brazil;Brazilian Jiu-Jitsu;31;65.00;125.80;Jun. 4, 2022;67.00;37.00
157;miranda-maverick;Women's Flyweight Division;0;https://ufc.com/images/styles/athlete_bio_full_body/s3/2025-01/5/MAVERICK_MIRANDA_L_12-14.png?itok=jVXEhXGn;5;Miranda Maverick;Fear The;17;Active;Jefferson City, United States;Pound 4 Pound Muay Thai & Easton Training Center Denver;Jiu-Jitsu;27;63.50;126.00;Jun. 27, 2020;65.50;38.00
158;ariane-da-silva;Women's Flyweight Division;0;https://ufc.com/images/styles/athlete_bio_full_body/s3/2025-01/5/DA_SILVA_ARIANE_L_11-02.png?itok=4VGCaBdI;10;Ariane da Silva ;The Queen;17;Active;Curitiba, Brazil;;Striker;31;66.00;125.00;Jan. 19, 2019;67.00;38.50
159;casey-oneill;Women's Flyweight Division;0;https://ufc.com/images/styles/athlete_bio_full_body/s3/2024-10/2/ONEILL_CASEY_L_08-17.png?itok=G3lQIzld;2;Casey O'Neill;King;10;Active;Irvine, Scotland;;MMA;27;66.00;125.50;Feb. 20, 2021;69.00;37.00
160;mayra-bueno-silva;Women's Flyweight Division;1;https://ufc.com/images/styles/athlete_bio_full_body/s3/2025-01/5/BUENO_SILVA_MAYRA_L_06-29.png?itok=Gp0HRlLM;5;Mayra Bueno Silva;Sheetara;10;Active;Uberlandia, Brazil;Team Sheetara;Striker;33;66.00;126.00;Sep. 23, 2018;66.50;39.00
161;ketlen-vieira;Women's Bantamweight Division;0;https://ufc.com/images/styles/athlete_bio_full_body/s3/2025-01/5/VIEIRA_KETLEN_L_10-05.png?itok=hyqtNfQd;4;Ketlen Vieira;Fenomeno;14;Active;State of Amazonas, Brazil;;Judo;33;68.00;136.00;Oct. 2, 2016;68.00;39.50
162;norma-dumont;Women's Bantamweight Division;0;https://ufc.com/images/styles/athlete_bio_full_body/s3/2025-01/5/DUMONT_NORMA_L_04-06.png?itok=xp9K6aXN;2;Norma Dumont;The Immortal;12;Active;Belo Horizonte, Brazil;;;34;67.00;136.00;Feb. 29, 2020;67.00;38.50
163;macy-chiasson;Women's Bantamweight Division;0;https://ufc.com/images/styles/athlete_bio_full_body/s3/2025-01/5/CHIASSON_MACY_L_06-29.png?itok=c8p4lY42;3;Macy Chiasson;;11;Active;United States;Fortis MMA;MMA;33;71.00;135.50;Nov. 30, 2018;72.00;42.00
164;irene-aldana;Women's Bantamweight Division;0;https://ufc.com/images/styles/athlete_bio_full_body/s3/2025-01/5/ALDANA_IRENE_L_09-14.png?itok=95IDLSZy;8;Irene Aldana;;15;Active;Culiacan, Mexico;;Striker;36;69.00;136.00;Dec. 18, 2016;68.50;38.50
165;ailin-perez;Women's Bantamweight Division;0;https://ufc.com/images/styles/athlete_bio_full_body/s3/2025-01/13/PEREZ_AILIN_L_09-28.png?itok=UOV5hABI;2;Ailin Perez;Fiona;12;Active;CABA, Argentina;Goat Shed Academy;Kung Fu;30;65.00;135.00;Sep. 3, 2022;66.00;36.00
166;karol-rosa;Women's Bantamweight Division;0;https://ufc.com/images/styles/athlete_bio_full_body/s3/2025-01/7/ROSA_KAROL_L_01-18.png?itok=KH9ZUt86;7;Karol Rosa;;18;Active;Vila Velha, Brazil;;Muay Thai;30;65.00;135.50;Aug. 31, 2019;67.50;36.00
167;yana-santos;Women's Bantamweight Division;0;https://ufc.com/images/styles/athlete_bio_full_body/s3/2025-01/5/SANTOS_YANA_L_08-10.png?itok=IkwLle-p;8;Yana Santos;;15;Active;Russia;American Top Team;MMA;35;66.00;135.50;Mar. 3, 2018;68.50;40.00
168;miesha-tate;Women's Bantamweight Division;0;https://ufc.com/images/styles/athlete_bio_full_body/s3/2025-01/5/TATE_MIESHA_L_12-02.png?itok=LokjikSC;9;Miesha Tate;Cupcake;20;Active;Tacoma, United States;Xtreme Couture - Las Vegas, NV;Grappler;38;66.00;135.50;Aug. 19, 2012;65.00;37.50
169;jacqueline-cavalcanti;Women's Bantamweight Division;0;https://ufc.com/images/styles/athlete_bio_full_body/s3/2025-01/5/CAVALCANTI_JACQUELINE_L_08-24.png?itok=E-jaWaCl;1;Jacqueline Cavalcanti;;9;Active;Brazil;Team Cavalcanti;Striker;27;68.00;134.50;Sep. 2, 2023;70.00;41.00
170;nora-cornolle;Women's Bantamweight Division;0;https://ufc.com/images/styles/athlete_bio_full_body/s3/2025-01/2/CORNOLLE_NORA_L_09-28.png?itok=j2fsVyVn;2;Nora Cornolle;;8;Active;Epinay sur Seine, France;;Muay Thai;35;67.00;136.00;Sep. 2, 2023;67.00;38.00
171;chelsea-chandler;Women's Bantamweight Division;0;https://ufc.com/images/styles/athlete_bio_full_body/s3/2025-01/5/CHANDLER_CHELSEA_L_03-16.png?itok=XHfzSG5Z;3;Chelsea Chandler;;6;Active;Stockton, United States;Gracie Fighter Stockton;MMA;34;68.50;141.00;Oct. 1, 2022;68.00;40.00
172;joselyne-edwards;Women's Bantamweight Division;0;https://ufc.com/images/styles/athlete_bio_full_body/s3/2024-10/14/EDWARDS_JOSELYNE_L_10-19.png?itok=sr199eqH;6;Joselyne Edwards;La Pantera;14;Active;Panama;Xtreme Couture - Las Vegas, NV;Striker;29;68.00;139.00;Jan. 16, 2021;70.00;39.00
